# Разбираемые случаи для work/acceptance/zero_measure_bench.py — ДАННЫЕ, не код.
# Имена сущностей и величин здесь законны: это описание КОНКРЕТНОЙ базы, такое же, как
# docs/ACCEPTANCE_UT.md. В самом приборе имён нет — он читает этот файл, и на другой базе
# подставляется другой файл (ZERO_MEASURE_CASES).
#
# Колонки, через табуляцию: сущность <TAB> величина <TAB> ждём(1/0) <TAB> пояснение
# «ждём=1» — признак «тождественно нулевая величина» ДОЛЖЕН сработать;
# «ждём=0» — признак обязан молчать. Верные ответы стоят здесь намеренно: правило,
# гасящее верный ответ, хуже отсутствующего.
accumulationregister_выручкаисебестоимостьпродаж	НДСРегл	1	вопрос 4: ошибка — ответ «0 ₽» при эталоне 3 125 757,80
accumulationregister_закупки	Сумма	0	вопрос 1: ошибка НЕ в нуле — величина живая
document_приобретениетоваровуслуг_видызапасов	Количество	0	вопрос 6: ошибка НЕ в нуле — величина живая
document_приобретениетоваровуслуг	СуммаДокумента	0	эталон вопроса 1 — ответ верный
document_приобретениетоваровуслуг_товары	СуммаСНДС	0	эталон вопроса 1 по строкам — ответ верный
