Ref_Key,DataVersion,DeletionMark,Parent_Key,IsFolder,Code,Description,Комментарий,ШаблонХранилище_Type,ШаблонХранилище_Base64Data,ИмяМакета,Predefined,PredefinedDataName
6d362e7e-f676-11ee-b6bf-6045cb9b4563,AAAAAQAAAAA=,false,00000000-0000-0000-0000-000000000000,false,000000001,Зарплата. Пояснение по з/п ниже среднеотраслевого уровня,,application/xml+xdto,"PFN0cnVjdHVyZSB4bWxucz0iaHR0cDovL3Y4LjFjLnJ1LzguMS9kYXRhL2NvcmUi
IHhtbG5zOnhzPSJodHRwOi8vd3d3LnczLm9yZy8yMDAxL1hNTFNjaGVtYSIgeG1s
bnM6eHNpPSJodHRwOi8vd3d3LnczLm9yZy8yMDAxL1hNTFNjaGVtYS1pbnN0YW5j
ZSI+DQoJPFByb3BlcnR5IG5hbWU9ItCi0LXQutGB0YJIVE1MIj4NCgkJPFZhbHVl
IHhzaTp0eXBlPSJ4czpzdHJpbmciPiZsdDshRE9DVFlQRSBodG1sIFBVQkxJQyAi
LS8vVzNDLy9EVEQgSFRNTCA0LjAgVHJhbnNpdGlvbmFsLy9FTiImZ3Q7Jmx0O2h0
bWwmZ3Q7Jmx0O2hlYWQmZ3Q7Jmx0O21ldGEgaHR0cC1lcXVpdj0iY29udGVudC10
eXBlIiBjb250ZW50PSJ0ZXh0L2h0bWw7Y2hhcnNldD11dGYtOCImZ3Q7Jmx0Oy9t
ZXRhJmd0OyZsdDtiYXNlIGhyZWY9InY4Y29uZmlnOi8vdjhjZmdIZWxwL21kb2Jq
ZWN0L2lkNjg5MTc1NzQtZTUyMS00ZDg1LTk5ZDItOWJmMDFkMTJmNjJmLzhlYjRm
YWQxLTFmYTYtNDAzZS05NzBmLTJjMTJkYmI0M2UyMyImZ3Q7Jmx0Oy9iYXNlJmd0
OyZsdDsvaGVhZCZndDsmbHQ7Ym9keSZndDsKJmx0O21ldGEgaHR0cC1lcXVpdj0i
Y29udGVudC10eXBlIiBjb250ZW50PSJ0ZXh0L2h0bWw7Y2hhcnNldD11dGYtOCIm
Z3Q7Jmx0Oy9tZXRhJmd0OyZsdDttZXRhIGh0dHAtZXF1aXY9IlgtVUEtQ29tcGF0
aWJsZSIgY29udGVudD0iSUU9RWRnZSImZ3Q7Jmx0Oy9tZXRhJmd0OyZsdDttZXRh
IG5hbWU9ImZvcm1hdC1kZXRlY3Rpb24iIGNvbnRlbnQ9InRlbGVwaG9uZT1ubyIm
Z3Q7Jmx0Oy9tZXRhJmd0OyZsdDtzdHlsZSB0eXBlPSJ0ZXh0L2NzcyImZ3Q7CmJv
ZHl7bWFyZ2luOjA7cGFkZGluZzo4cHg7fQpwe2xpbmUtaGVpZ2h0OjEuMTU7bWFy
Z2luOjA7d2hpdGUtc3BhY2U6cHJlLXdyYXA7fQpvbCx1bHttYXJnaW4tdG9wOjA7
bWFyZ2luLWJvdHRvbTowO30KaW1ne2JvcmRlcjpub25lO30KbGkmZ3Q7cHtkaXNw
bGF5OmlubGluZTt9CiZsdDsvc3R5bGUmZ3Q7Jmx0O3AmZ3Q70JIgJmx0O3NwYW4g
c3R5bGU9ImJhY2tncm91bmQtY29sb3I6IHJnYigyNTAsIDIwNCwgMzApOyImZ3Q7
e9CY0KTQndChfSZsdDsvc3BhbiZndDsmbHQ7L3AmZ3Q7CiZsdDtwJmd0O9C+0YIg
Jmx0O3NwYW4gc3R5bGU9ImJhY2tncm91bmQtY29sb3I6IHJnYigyNTAsIDIwNCwg
MzApOyImZ3Q7e9Cd0LDQuNC80LXQvdC+0LLQsNC90LjQtdCe0YDQs9Cw0L3QuNC3
0LDRhtC40Lh9Jmx0Oy9zcGFuJmd0OyZsdDsvcCZndDsKJmx0O3AmZ3Q70JjQndCd
ICZsdDtzcGFuIHN0eWxlPSJiYWNrZ3JvdW5kLWNvbG9yOiByZ2IoMjUwLCAyMDQs
IDMwKTsiJmd0O3vQmNCd0J19Jmx0Oy9zcGFuJmd0OyZsdDsvcCZndDsKJmx0O3Am
Z3Q70JrQn9CfICZsdDtzcGFuIHN0eWxlPSJiYWNrZ3JvdW5kLWNvbG9yOiByZ2Io
MjUwLCAyMDQsIDMwKTsiJmd0O3vQmtCf0J99Jmx0Oy9zcGFuJmd0OyZsdDsvcCZn
dDsKJmx0O3AmZ3Q70JDQtNGA0LXRgSAmbHQ7c3BhbiBzdHlsZT0iYmFja2dyb3Vu
ZC1jb2xvcjogcmdiKDI1MCwgMjA0LCAzMCk7IiZndDt70JDQtNGA0LXRgX0mbHQ7
L3NwYW4mZ3Q7Jmx0Oy9wJmd0OwombHQ7cCBzdHlsZT0ibGluZS1oZWlnaHQ6IDEu
MTU7dGV4dC1hbGlnbjogY2VudGVyOyImZ3Q7Jmx0O3NwYW4gc3R5bGU9ImZvbnQt
d2VpZ2h0OiBib2xkOyImZ3Q7Jmx0O2JyJmd0OyZsdDsvc3BhbiZndDsmbHQ7L3Am
Z3Q7CiZsdDtwIHN0eWxlPSJsaW5lLWhlaWdodDogMS4xNTt0ZXh0LWFsaWduOiBj
ZW50ZXI7IiZndDsmbHQ7c3BhbiBzdHlsZT0iZm9udC13ZWlnaHQ6IGJvbGQ7IiZn
dDsmbHQ7YnImZ3Q7Jmx0Oy9zcGFuJmd0OyZsdDsvcCZndDsKJmx0O3Agc3R5bGU9
ImxpbmUtaGVpZ2h0OiAxLjE1O3RleHQtYWxpZ246IGNlbnRlcjsiJmd0OyZsdDti
Jmd0O9Cf0L7Rj9GB0L3QtdC90LjQtSZsdDsvYiZndDsmbHQ7L3AmZ3Q7CiZsdDtw
IHN0eWxlPSJsaW5lLWhlaWdodDogMS4xNTsiJmd0OyZsdDticiZndDsmbHQ7L3Am
Z3Q7CiZsdDtwIHN0eWxlPSJsaW5lLWhlaWdodDogMS4xNTt0ZXh0LWFsaWduOiBs
ZWZ0OyImZ3Q7wqAgwqDCoNCSINC+0YLQstC10YIg0L3QsCAmbHQ7c3BhbiBzdHls
ZT0iYmFja2dyb3VuZC1jb2xvcjogcmdiKDI1MCwgMjA0LCAzMCk7IiZndDt70KLR
gNC10LHQvtCy0LDQvdC40LV9Jmx0Oy9zcGFuJmd0OyZsdDtzcGFuIHN0eWxlPSJi
YWNrZ3JvdW5kLWNvbG9yOiByZ2IoMjU1LCAyNTUsIDI1NSk7IiZndDssJmx0Oy9z
cGFuJmd0OyDRgdC+0L7QsdGJ0LDQtdC8INGB0LvQtdC00YPRjtGJ0LXQtS4mbHQ7
L3AmZ3Q7CiZsdDtwIHN0eWxlPSJsaW5lLWhlaWdodDogMS4xNTt0ZXh0LWFsaWdu
OiBsZWZ0OyImZ3Q7wqAgwqDCoNCSINC+0YLRh9C10YLQtcKgJmx0O3NwYW4gc3R5
bGU9ImJhY2tncm91bmQtY29sb3I6IHJnYigyNTAsIDIwNCwgMzApOyImZ3Q7e9Ce
0YLRh9C10YJ9Jmx0Oy9zcGFuJmd0OyZsdDtzcGFuIHN0eWxlPSJiYWNrZ3JvdW5k
LWNvbG9yOiByZ2IoMjU1LCAyNTUsIDI1NSk7IiZndDsgJmx0Oy9zcGFuJmd0O9C3
0LDCoCZsdDtzcGFuIHN0eWxlPSJiYWNrZ3JvdW5kLWNvbG9yOiByZ2IoMjUwLCAy
MDQsIDMwKTsiJmd0O3vQn9C10YDQuNC+0LR9Jmx0Oy9zcGFuJmd0OyDQvdC10YIg
0L7RiNC40LHQvtC6INC4INC/0YDQvtGC0LjQstC+0YDQtdGH0LjQuSDQvNC10LbQ
tNGDINGB0LLQtdC00LXQvdC40Y/QvNC4LiZsdDsvcCZndDsKJmx0O3Agc3R5bGU9
ImxpbmUtaGVpZ2h0OiAxLjE1O3RleHQtYWxpZ246IGxlZnQ7IiZndDvCoCZsdDsv
cCZndDsKJmx0O3Agc3R5bGU9ImxpbmUtaGVpZ2h0OiAxLjE1O3RleHQtYWxpZ246
IGxlZnQ7IiZndDsgwqDCoCDQodGA0LXQtNC90Y/RjyDQt9Cw0YDQv9C70LDRgtCw
INCyINC+0YDQs9Cw0L3QuNC30LDRhtC40LjCoCZsdDtzcGFuIHN0eWxlPSJiYWNr
Z3JvdW5kLWNvbG9yOiByZ2IoMjUwLCAyMDQsIDMwKTsiJmd0O3vQndCw0LjQvNC1
0L3QvtCy0LDQvdC40LXQntGA0LPQsNC90LjQt9Cw0YbQuNC4fSZsdDsvc3BhbiZn
dDsg0YHQvtGB0YLQsNCy0LvRj9C10YIgJmx0O3NwYW4gc3R5bGU9ImJhY2tncm91
bmQtY29sb3I6IHJnYigyNTAsIDIwNCwgMzApOyImZ3Q7JmFtcDtsdDvQodGA0LXQ
tNC90Y/RjyDQt9Cw0YDQv9C70LDRgtCwJmFtcDtndDsmbHQ7L3NwYW4mZ3Q7Jmx0
O3NwYW4gc3R5bGU9ImJhY2tncm91bmQtY29sb3I6IHJnYigyNTUsIDI1NSwgMjU1
KTsiJmd0O8KgJmx0Oy9zcGFuJmd0O9GA0YPQsS4sINGH0YLQviDQvdC40LbQtSDR
gdGA0LXQtNC90LXQvtGC0YDQsNGB0LvQtdCy0L7Qs9C+INGD0YDQvtCy0L3RjyDQ
v9C+INC60L7QtNGDINCe0JrQktCt0JQgJmx0O3NwYW4gc3R5bGU9ImJhY2tncm91
bmQtY29sb3I6IHJnYigyNTAsIDIwNCwgMzApOyImZ3Q7JmFtcDtsdDvQmtC+0LQg
0J7QmtCS0K3QlCZhbXA7Z3Q7Jmx0Oy9zcGFuJmd0OyAtICZsdDtzcGFuIHN0eWxl
PSJiYWNrZ3JvdW5kLWNvbG9yOiByZ2IoMjUwLCAyMDQsIDMxKTsiJmd0OyZhbXA7
bHQ70KHRgNC10LTQvdC10L7RgtGA0LDRgdC70LXQstC+0LnQo9GA0L7QstC10L3R
jCZhbXA7Z3Q7Jmx0Oy9zcGFuJmd0OyDRgNGD0LEuLCDQvdC+INCy0YvRiNC1INCc
0KDQntCiLiZsdDsvcCZndDsKJmx0O3Agc3R5bGU9ImxpbmUtaGVpZ2h0OiAxLjE1
O3RleHQtYWxpZ246IGxlZnQ7IiZndDvCoCDCoMKg0JfQsNGA0L/Qu9Cw0YLQsCDR
gdC+0L7RgtCy0LXRgtGB0YLQstGD0LXRgiDRiNGC0LDRgtC90L7QvNGDINGA0LDR
gdC/0LjRgdCw0L3QuNGOLCDRgtGA0YPQtNC+0LLRi9C8INC00L7Qs9C+0LLQvtGA
0LDQvCDQuCDRj9Cy0LvRj9C10YLRgdGPINCx0L7Qu9GM0YjQtSDQt9Cw0LrQvtC9
0L7QtNCw0YLQtdC70YzQvdC+INGD0YHRgtCw0L3QvtCy0LvQtdC90L3QvtCz0L4g
0JzQoNCe0KIuJmx0Oy9wJmd0OwombHQ7cCBzdHlsZT0ibGluZS1oZWlnaHQ6IDEu
MTU7dGV4dC1hbGlnbjogbGVmdDsiJmd0OyZsdDticiZndDsmbHQ7L3AmZ3Q7CiZs
dDtwIHN0eWxlPSJsaW5lLWhlaWdodDogMS4xNTt0ZXh0LWFsaWduOiBsZWZ0OyIm
Z3Q7wqAgwqDCoNCa0L7QvdGC0YDQvtC70YzQvdC+0LUg0YHQvtC+0YLQvdC+0YjQ
tdC90LjQtSwg0LrQvtGC0L7RgNC+0LUg0L/RgNC10LTRg9GB0LzQsNGC0YDQuNCy
0LDQtdGCINGB0YDQsNCy0L3QtdC90LjQtSDRgdGA0LXQtNC90LXQuSDQt9Cw0YDQ
v9C70LDRgtGLINCyINC+0YDQs9Cw0L3QuNC30LDRhtC40Lgg0YHQviDRgdGA0LXQ
tNC90LXQvtGC0YDQsNGB0LvQtdCy0L7QuSwg0L3QtSDQstGL0L/QvtC70L3Rj9C1
0YLRgdGPINC40Lct0LfQsDombHQ7L3AmZ3Q7CiZsdDtwIHN0eWxlPSJsaW5lLWhl
aWdodDogMS4xNTt0ZXh0LWFsaWduOiBsZWZ0OyImZ3Q7Jmx0O3NwYW4gc3R5bGU9
ImJhY2tncm91bmQtY29sb3I6IHJnYigyNTAsIDIwNCwgMzApOyImZ3Q7e9CU0LXR
gtCw0LvQuNC30LDRhtC40Y/Qn9GA0LjRh9C40L3Qn9C+0KHQvtGC0YDRg9C00L3Q
uNC60LDQvH0mbHQ7L3NwYW4mZ3Q7Jmx0Oy9wJmd0OwombHQ7cCBzdHlsZT0ibGlu
ZS1oZWlnaHQ6IDEuMTU7dGV4dC1hbGlnbjogbGVmdDsiJmd0OyZsdDtzcGFuIHN0
eWxlPSJiYWNrZ3JvdW5kLWNvbG9yOiByZ2IoMjUwLCAyMDQsIDMwKTsiJmd0OyZs
dDticiZndDsmbHQ7L3NwYW4mZ3Q7Jmx0Oy9wJmd0OwombHQ7cCBzdHlsZT0ibGlu
ZS1oZWlnaHQ6IDEuMTU7dGV4dC1hbGlnbjogbGVmdDsiJmd0O8KgIMKgwqDQoSDR
htC10LvRjNGOINC/0L7QstGL0YjQtdC90LjRjyDRgdGA0LXQtNC90LXQuSDQt9Cw
0YDQv9C70LDRgtGLINC+0YDQs9Cw0L3QuNC30LDRhtC40Y/CoCZsdDtzcGFuIHN0
eWxlPSJiYWNrZ3JvdW5kLWNvbG9yOiByZ2IoMjUwLCAyMDQsIDMwKTsiJmd0O3vQ
ndCw0LjQvNC10L3QvtCy0LDQvdC40LXQntGA0LPQsNC90LjQt9Cw0YbQuNC4fSZs
dDsvc3BhbiZndDvCoNC/0LvQsNC90LjRgNGD0LXRgiDQv9GA0L7QstC10YHRgtC4
INGB0LvQtdC00YPRjtGJ0LjQtSDQvNC10YDQvtC/0YDQuNGP0YLQuNGPLCDQvdCw
0L/RgNCw0LLQu9C10L3QvdGL0LUg0L3QsCDRgdC+0YXRgNCw0L3QtdC90LjQtSDR
h9C40YHQu9C10L3QvdC+0YHRgtC4INC/0LXRgNGB0L7QvdCw0LvQsCDRgSDRgdC+
0YXRgNCw0L3QtdC90LjQtdC8INC4INCy0L7Qt9C80L7QttC90YvQvCDRg9Cy0LXQ
u9C40YfQtdC90LjQtdC8INGA0LDQt9C80LXRgNCwINGE0L7QvdC00LAg0L7Qv9C7
0LDRgtGLINGC0YDRg9C00LAsINCwINC40LzQtdC90L3QvjombHQ7L3AmZ3Q7CiZs
dDtwIHN0eWxlPSJsaW5lLWhlaWdodDogMS4xNTt0ZXh0LWFsaWduOiBsZWZ0OyIm
Z3Q7Jmx0O3NwYW4gc3R5bGU9ImJhY2tncm91bmQtY29sb3I6IHJnYigyNTAsIDIw
NCwgMzApOyImZ3Q7e9Cc0LXRgNC+0L/RgNC40Y/RgtC40Y99Jmx0Oy9zcGFuJmd0
OyZsdDsvcCZndDsKJmx0O3Agc3R5bGU9ImxpbmUtaGVpZ2h0OiAxLjE1O3RleHQt
YWxpZ246IGxlZnQ7IiZndDsmbHQ7YnImZ3Q7Jmx0Oy9wJmd0OwombHQ7cCBzdHls
ZT0ibGluZS1oZWlnaHQ6IDEuMTU7dGV4dC1hbGlnbjogbGVmdDsiJmd0O8KgIMKg
wqDQmNGB0L/QvtC70L3QuNGC0LXQu9GMOiAmbHQ7c3BhbiBzdHlsZT0iYmFja2dy
b3VuZC1jb2xvcjogcmdiKDI1MCwgMjA0LCAzMCk7IiZndDt70JjRgdC/0L7Qu9C9
0LjRgtC10LvRjH0mbHQ7L3NwYW4mZ3Q7Jmx0Oy9wJmd0OwombHQ7cCBzdHlsZT0i
bGluZS1oZWlnaHQ6IDEuMTU7IiZndDsmbHQ7YnImZ3Q7Jmx0Oy9wJmd0OwoKJmx0
Oy9ib2R5Jmd0OyZsdDsvaHRtbCZndDs8L1ZhbHVlPg0KCTwvUHJvcGVydHk+DQoJ
PFByb3BlcnR5IG5hbWU9ItCS0LvQvtC20LXQvdC40Y8iPg0KCQk8VmFsdWUgeHNp
OnR5cGU9IlN0cnVjdHVyZSIvPg0KCTwvUHJvcGVydHk+DQo8L1N0cnVjdHVyZT4=
",Зарплата_НижеСреднеотраслевой,false,
6d362e7f-f676-11ee-b6bf-6045cb9b4563,AAAAAQAAAAE=,false,00000000-0000-0000-0000-000000000000,false,000000002,"Зарплата. Пояснения о том, почему з/п начислялась, а выручки нет",,application/xml+xdto,"PFN0cnVjdHVyZSB4bWxucz0iaHR0cDovL3Y4LjFjLnJ1LzguMS9kYXRhL2NvcmUi
IHhtbG5zOnhzPSJodHRwOi8vd3d3LnczLm9yZy8yMDAxL1hNTFNjaGVtYSIgeG1s
bnM6eHNpPSJodHRwOi8vd3d3LnczLm9yZy8yMDAxL1hNTFNjaGVtYS1pbnN0YW5j
ZSI+DQoJPFByb3BlcnR5IG5hbWU9ItCi0LXQutGB0YJIVE1MIj4NCgkJPFZhbHVl
IHhzaTp0eXBlPSJ4czpzdHJpbmciPiZsdDshRE9DVFlQRSBodG1sIFBVQkxJQyAi
LS8vVzNDLy9EVEQgSFRNTCA0LjAgVHJhbnNpdGlvbmFsLy9FTiImZ3Q7Jmx0O2h0
bWwmZ3Q7Jmx0O2hlYWQmZ3Q7Jmx0O21ldGEgaHR0cC1lcXVpdj0iY29udGVudC10
eXBlIiBjb250ZW50PSJ0ZXh0L2h0bWw7Y2hhcnNldD11dGYtOCImZ3Q7Jmx0Oy9t
ZXRhJmd0OyZsdDtsaW5rIHJlbD0ic3R5bGVzaGVldCIgdHlwZT0idGV4dC9jc3Mi
IGhyZWY9Il9fU1RZTEVfXyImZ3Q7Jmx0Oy9saW5rJmd0OyZsdDtiYXNlIGhyZWY9
InY4Y29uZmlnOi8vdjhjZmdIZWxwL21kb2JqZWN0L2lkNDA4NzEzZjMtMmQ2ZS00
MTM2LWI1ZjQtZGMxMWE2MzFhNWUwLzhlYjRmYWQxLTFmYTYtNDAzZS05NzBmLTJj
MTJkYmI0M2UyMyImZ3Q7Jmx0Oy9iYXNlJmd0OyZsdDsvaGVhZCZndDsmbHQ7Ym9k
eSZndDsKJmx0O3Agc3R5bGU9ImxpbmUtaGVpZ2h0OiAxLjE1OyBtYXJnaW46IDBw
eDsgd2hpdGUtc3BhY2U6IHByZS13cmFwOyImZ3Q70JIgJmx0O3NwYW4gc3R5bGU9
ImJhY2tncm91bmQtY29sb3I6IHJnYigyNTAsIDIwNCwgMzApOyImZ3Q7e9CY0KTQ
ndChfSZsdDsvc3BhbiZndDsmbHQ7L3AmZ3Q7CiZsdDtwIHN0eWxlPSJsaW5lLWhl
aWdodDogMS4xNTsgbWFyZ2luOiAwcHg7IHdoaXRlLXNwYWNlOiBwcmUtd3JhcDsi
Jmd0O9C+0YIgJmx0O3NwYW4gc3R5bGU9ImJhY2tncm91bmQtY29sb3I6IHJnYigy
NTAsIDIwNCwgMzApOyImZ3Q7e9Cd0LDQuNC80LXQvdC+0LLQsNC90LjQtdCe0YDQ
s9Cw0L3QuNC30LDRhtC40Lh9Jmx0Oy9zcGFuJmd0OyZsdDsvcCZndDsKJmx0O3Ag
c3R5bGU9ImxpbmUtaGVpZ2h0OiAxLjE1OyBtYXJnaW46IDBweDsgd2hpdGUtc3Bh
Y2U6IHByZS13cmFwOyImZ3Q70JjQndCdICZsdDtzcGFuIHN0eWxlPSJiYWNrZ3Jv
dW5kLWNvbG9yOiByZ2IoMjUwLCAyMDQsIDMwKTsiJmd0O3vQmNCd0J19Jmx0Oy9z
cGFuJmd0OyZsdDsvcCZndDsKJmx0O3Agc3R5bGU9ImxpbmUtaGVpZ2h0OiAxLjE1
OyBtYXJnaW46IDBweDsgd2hpdGUtc3BhY2U6IHByZS13cmFwOyImZ3Q70JrQn9Cf
ICZsdDtzcGFuIHN0eWxlPSJiYWNrZ3JvdW5kLWNvbG9yOiByZ2IoMjUwLCAyMDQs
IDMwKTsiJmd0O3vQmtCf0J99Jmx0Oy9zcGFuJmd0OyZsdDsvcCZndDsKJmx0O3Ag
c3R5bGU9ImxpbmUtaGVpZ2h0OiAxLjE1OyBtYXJnaW46IDBweDsgd2hpdGUtc3Bh
Y2U6IHByZS13cmFwOyImZ3Q70JDQtNGA0LXRgSAmbHQ7c3BhbiBzdHlsZT0iYmFj
a2dyb3VuZC1jb2xvcjogcmdiKDI1MCwgMjA0LCAzMCk7IiZndDt70JDQtNGA0LXR
gX0mbHQ7L3NwYW4mZ3Q7Jmx0Oy9wJmd0OwombHQ7cCBzdHlsZT0ibGluZS1oZWln
aHQ6IDEuMTU7IG1hcmdpbjogMHB4OyB3aGl0ZS1zcGFjZTogcHJlLXdyYXA7IHRl
eHQtYWxpZ246IGNlbnRlcjsiJmd0OyZsdDtzcGFuIHN0eWxlPSJmb250LXdlaWdo
dDogYm9sZDsiJmd0OyZsdDticiZndDsmbHQ7L3NwYW4mZ3Q7Jmx0Oy9wJmd0Owom
bHQ7cCBzdHlsZT0ibGluZS1oZWlnaHQ6IDEuMTU7IG1hcmdpbjogMHB4OyB3aGl0
ZS1zcGFjZTogcHJlLXdyYXA7IHRleHQtYWxpZ246IGNlbnRlcjsiJmd0OyZsdDti
Jmd0O9Cf0L7Rj9GB0L3QtdC90LjQtSZsdDsvYiZndDsmbHQ7L3AmZ3Q7CiZsdDtw
IHN0eWxlPSJsaW5lLWhlaWdodDogMS4xNTsgbWFyZ2luOiAwcHg7IHdoaXRlLXNw
YWNlOiBwcmUtd3JhcDsiJmd0OyZsdDticiZndDsmbHQ7L3AmZ3Q7CiZsdDtwIHN0
eWxlPSJsaW5lLWhlaWdodDogMS4xNTsgbWFyZ2luOiAwcHg7IHdoaXRlLXNwYWNl
OiBwcmUtd3JhcDsiJmd0O8KgIMKgwqDQkiDQvtGC0LLQtdGCINC90LAgJmx0O3Nw
YW4gc3R5bGU9ImJhY2tncm91bmQtY29sb3I6IHJnYigyNTAsIDIwNCwgMzApOyIm
Z3Q7e9Ci0YDQtdCx0L7QstCw0L3QuNC1fSZsdDsvc3BhbiZndDsmbHQ7c3BhbiBz
dHlsZT0iYmFja2dyb3VuZC1jb2xvcjogcmdiKDI1NSwgMjU1LCAyNTUpOyImZ3Q7
LCZsdDsvc3BhbiZndDsg0YHQvtC+0LHRidCw0LXQvCDRgdC70LXQtNGD0Y7RidC1
0LUuJmx0Oy9wJmd0OwombHQ7cCBzdHlsZT0ibGluZS1oZWlnaHQ6IDEuMTU7IG1h
cmdpbjogMHB4OyB3aGl0ZS1zcGFjZTogcHJlLXdyYXA7IiZndDvCoCDCoMKg0JIg
0L7RgtGH0LXRgtC1wqAmbHQ7c3BhbiBzdHlsZT0iYmFja2dyb3VuZC1jb2xvcjog
cmdiKDI1MCwgMjA0LCAzMCk7IiZndDt70J7RgtGH0LXRgn0mbHQ7L3NwYW4mZ3Q7
Jmx0O3NwYW4gc3R5bGU9ImJhY2tncm91bmQtY29sb3I6IHJnYigyNTUsIDI1NSwg
MjU1KTsiJmd0OyAmbHQ7L3NwYW4mZ3Q70LfQsMKgJmx0O3NwYW4gc3R5bGU9ImJh
Y2tncm91bmQtY29sb3I6IHJnYigyNTAsIDIwNCwgMzApOyImZ3Q7e9Cf0LXRgNC4
0L7QtH0mbHQ7L3NwYW4mZ3Q7INC90LXRgiDQvtGI0LjQsdC+0Log0Lgg0L/RgNC+
0YLQuNCy0L7RgNC10YfQuNC5INC80LXQttC00YMg0YHQstC10LTQtdC90LjRj9C8
0LguJmx0Oy9wJmd0OwombHQ7cCBzdHlsZT0ibGluZS1oZWlnaHQ6IDEuMTU7IG1h
cmdpbjogMHB4OyB3aGl0ZS1zcGFjZTogcHJlLXdyYXA7IiZndDsmbHQ7YnImZ3Q7
Jmx0Oy9wJmd0OwombHQ7cCBzdHlsZT0ibGluZS1oZWlnaHQ6IDEuMTU7IG1hcmdp
bjogMHB4OyImZ3Q7Jmx0O3NwYW4gc3R5bGU9IndoaXRlLXNwYWNlOiBwcmUtd3Jh
cDsiJmd0O8KgIMKgJmx0Oy9zcGFuJmd0OyZsdDtzcGFuIHN0eWxlPSJ3aGl0ZS1z
cGFjZTogcHJlLXdyYXA7IiZndDvQoyDQvtGA0LPQsNC90LjQt9Cw0YbQuNC4Jmx0
Oy9zcGFuJmd0OyZsdDtzcGFuIHN0eWxlPSJ3aGl0ZS1zcGFjZTogcHJlLXdyYXA7
IiZndDsgJmx0Oy9zcGFuJmd0OyZsdDtzcGFuIHN0eWxlPSJ3aGl0ZS1zcGFjZTog
cHJlLXdyYXA7IGJhY2tncm91bmQtY29sb3I6IHJnYigyNTAsIDIwNCwgMzApOyIm
Z3Q7e9Cd0LDQuNC80LXQvdC+0LLQsNC90LjQtdCe0YDQs9Cw0L3QuNC30LDRhtC4
0Lh9Jmx0Oy9zcGFuJmd0OyZsdDtzcGFuIHN0eWxlPSJ3aGl0ZS1zcGFjZTogcHJl
LXdyYXA7IiZndDsgJmx0Oy9zcGFuJmd0OyZsdDtzcGFuIHN0eWxlPSJ3aGl0ZS1z
cGFjZTogcHJlLXdyYXA7IiZndDvQsiDRgtC10YfQtdC90LjQtSDQv9C10YDQuNC+
0LTQsMKgJmx0Oy9zcGFuJmd0OyZsdDtzcGFuIHN0eWxlPSJ3aGl0ZS1zcGFjZTog
cHJlLXdyYXA7IGJhY2tncm91bmQtY29sb3I6IHJnYigyNTAsIDIwNCwgMzApOyIm
Z3Q7e9Cf0LXRgNC40L7QtH0mbHQ7L3NwYW4mZ3Q7Jmx0O3NwYW4gc3R5bGU9Indo
aXRlLXNwYWNlOiBwcmUtd3JhcDsiJmd0OyDQvtGC0YHRg9GC0YHRgtCy0L7QstCw
0LvQsCDQtNC10Y/RgtC10LvRjNC90L7RgdGC0Ywg0L/QvtGB0LrQvtC70YzQutGD
ICZsdDsvc3BhbiZndDsmbHQ7c3BhbiBzdHlsZT0id2hpdGUtc3BhY2U6IHByZS13
cmFwOyBiYWNrZ3JvdW5kLWNvbG9yOiByZ2IoMjUwLCAyMDQsIDMwKTsiJmd0O3vQ
n9GA0LjRh9C40L3QsH0mbHQ7L3NwYW4mZ3Q7Jmx0O3NwYW4gc3R5bGU9IndoaXRl
LXNwYWNlOiBwcmUtd3JhcDsgYmFja2dyb3VuZC1jb2xvcjogcmdiKDI1NSwgMjU1
LCAyNTUpOyImZ3Q7LiDQl9Cw0YDQsNCx0L7RgtC90LDRjyDQv9C70LDRgtCwINC3
0LAgJmx0Oy9zcGFuJmd0OyZsdDtzcGFuIHN0eWxlPSJ3aGl0ZS1zcGFjZTogcHJl
LXdyYXA7IiZndDsmbHQ7c3BhbiBzdHlsZT0iYmFja2dyb3VuZC1jb2xvcjogcmdi
KDI1MCwgMjA0LCAzMCk7IiZndDt70J/QtdGA0LjQvtC0fSZsdDsvc3BhbiZndDsm
bHQ7c3BhbiBzdHlsZT0iYmFja2dyb3VuZC1jb2xvcjogcmdiKDI1NSwgMjU1LCAy
NTUpOyImZ3Q7ICZsdDtmb250IGNvbG9yPSIjNDEzMDAzIiZndDvQvdCw0YfQuNGB
0LvRj9C70LDRgdGMINGC0L7Qu9GM0LrQvsKgJmx0Oy9mb250Jmd0OyZsdDsvc3Bh
biZndDsmbHQ7L3NwYW4mZ3Q7Jmx0O3NwYW4gc3R5bGU9ImJhY2tncm91bmQtY29s
b3I6IHJnYigyNTAsIDIwNCwgMzApOyImZ3Q7Jmx0O3NwYW4gc3R5bGU9IndoaXRl
LXNwYWNlOiBwcmUtd3JhcDsiJmd0O3smbHQ7L3NwYW4mZ3Q7Jmx0O3NwYW4gc3R5
bGU9IndoaXRlLXNwYWNlOiBwcmUtd3JhcDsiJmd0O9CU0L7Qu9C20L3QvtGB0YLR
jNCg0YPQutC+0LLQvtC00LjRgtC10LvRjyZsdDsvc3BhbiZndDsmbHQ7c3BhbiBz
dHlsZT0id2hpdGUtc3BhY2U6IHByZS13cmFwOyImZ3Q7fSZsdDsvc3BhbiZndDsm
bHQ7L3NwYW4mZ3Q7Jmx0O3NwYW4gc3R5bGU9IndoaXRlLXNwYWNlOiBwcmUtd3Jh
cDsgYmFja2dyb3VuZC1jb2xvcjogcmdiKDI1NSwgMjU1LCAyNTUpOyImZ3Q7LiZs
dDsvc3BhbiZndDsmbHQ7L3AmZ3Q7CiZsdDtwIHN0eWxlPSJsaW5lLWhlaWdodDog
MS4xNTsgbWFyZ2luOiAwcHg7IiZndDsmbHQ7c3BhbiBzdHlsZT0id2hpdGUtc3Bh
Y2U6IHByZS13cmFwOyBiYWNrZ3JvdW5kLWNvbG9yOiByZ2IoMjU1LCAyNTUsIDI1
NSk7IiZndDsmbHQ7YnImZ3Q7Jmx0Oy9zcGFuJmd0OyZsdDsvcCZndDsKJmx0O3Ag
c3R5bGU9ImxpbmUtaGVpZ2h0OiAxLjE1OyBtYXJnaW46IDBweDsiJmd0OyZsdDtz
cGFuIHN0eWxlPSJ3aGl0ZS1zcGFjZTogcHJlLXdyYXA7IiZndDvCoCDCoMKg0JjR
gdC/0L7Qu9C90LjRgtC10LvRjDogJmx0Oy9zcGFuJmd0OyZsdDtzcGFuIHN0eWxl
PSJ3aGl0ZS1zcGFjZTogcHJlLXdyYXA7IGJhY2tncm91bmQtY29sb3I6IHJnYigy
NTAsIDIwNCwgMzApOyImZ3Q7e9CY0YHQv9C+0LvQvdC40YLQtdC70Yx9Jmx0Oy9z
cGFuJmd0OyZsdDsvcCZndDsKCgombHQ7L2JvZHkmZ3Q7Jmx0Oy9odG1sJmd0Ozwv
VmFsdWU+DQoJPC9Qcm9wZXJ0eT4NCgk8UHJvcGVydHkgbmFtZT0i0JLQu9C+0LbQ
tdC90LjRjyI+DQoJCTxWYWx1ZSB4c2k6dHlwZT0iU3RydWN0dXJlIi8+DQoJPC9Q
cm9wZXJ0eT4NCjwvU3RydWN0dXJlPg==",Зарплата_НетВыручкиЕстьЗП,false,
6d362e80-f676-11ee-b6bf-6045cb9b4563,AAAAAQAAAAI=,false,00000000-0000-0000-0000-000000000000,false,000000003,Зарплата. Пояснения по з/п ниже МРОТ,,application/xml+xdto,"PFN0cnVjdHVyZSB4bWxucz0iaHR0cDovL3Y4LjFjLnJ1LzguMS9kYXRhL2NvcmUi
IHhtbG5zOnhzPSJodHRwOi8vd3d3LnczLm9yZy8yMDAxL1hNTFNjaGVtYSIgeG1s
bnM6eHNpPSJodHRwOi8vd3d3LnczLm9yZy8yMDAxL1hNTFNjaGVtYS1pbnN0YW5j
ZSI+DQoJPFByb3BlcnR5IG5hbWU9ItCi0LXQutGB0YJIVE1MIj4NCgkJPFZhbHVl
IHhzaTp0eXBlPSJ4czpzdHJpbmciPiZsdDshRE9DVFlQRSBodG1sIFBVQkxJQyAi
LS8vVzNDLy9EVEQgSFRNTCA0LjAgVHJhbnNpdGlvbmFsLy9FTiImZ3Q7Jmx0O2h0
bWwmZ3Q7Jmx0O2hlYWQmZ3Q7Jmx0O21ldGEgaHR0cC1lcXVpdj0iY29udGVudC10
eXBlIiBjb250ZW50PSJ0ZXh0L2h0bWw7Y2hhcnNldD11dGYtOCImZ3Q7Jmx0Oy9t
ZXRhJmd0OyZsdDtsaW5rIHJlbD0ic3R5bGVzaGVldCIgdHlwZT0idGV4dC9jc3Mi
IGhyZWY9Il9fU1RZTEVfXyImZ3Q7Jmx0Oy9saW5rJmd0OyZsdDtiYXNlIGhyZWY9
InY4Y29uZmlnOi8vdjhjZmdIZWxwL21kb2JqZWN0L2lkYzNiZGQ4ZTQtYWY2Mi00
NWZhLWEzYjYtZWE1NDQ3NzM2NTZlLzhlYjRmYWQxLTFmYTYtNDAzZS05NzBmLTJj
MTJkYmI0M2UyMyImZ3Q7Jmx0Oy9iYXNlJmd0OyZsdDsvaGVhZCZndDsmbHQ7Ym9k
eSZndDsKJmx0O3Agc3R5bGU9ImxpbmUtaGVpZ2h0OiAxLjE1OyBtYXJnaW46IDBw
eDsgd2hpdGUtc3BhY2U6IHByZS13cmFwOyImZ3Q70JIgJmx0O3NwYW4gc3R5bGU9
ImJhY2tncm91bmQtY29sb3I6IHJnYigyNTAsIDIwNCwgMzApOyImZ3Q7e9CY0KTQ
ndChfSZsdDsvc3BhbiZndDsmbHQ7L3AmZ3Q7CiZsdDtwIHN0eWxlPSJsaW5lLWhl
aWdodDogMS4xNTsgbWFyZ2luOiAwcHg7IHdoaXRlLXNwYWNlOiBwcmUtd3JhcDsi
Jmd0O9C+0YIgJmx0O3NwYW4gc3R5bGU9ImJhY2tncm91bmQtY29sb3I6IHJnYigy
NTAsIDIwNCwgMzApOyImZ3Q7e9Cd0LDQuNC80LXQvdC+0LLQsNC90LjQtdCe0YDQ
s9Cw0L3QuNC30LDRhtC40Lh9Jmx0Oy9zcGFuJmd0OyZsdDsvcCZndDsKJmx0O3Ag
c3R5bGU9ImxpbmUtaGVpZ2h0OiAxLjE1OyBtYXJnaW46IDBweDsgd2hpdGUtc3Bh
Y2U6IHByZS13cmFwOyImZ3Q70JjQndCdICZsdDtzcGFuIHN0eWxlPSJiYWNrZ3Jv
dW5kLWNvbG9yOiByZ2IoMjUwLCAyMDQsIDMwKTsiJmd0O3vQmNCd0J19Jmx0Oy9z
cGFuJmd0OyZsdDsvcCZndDsKJmx0O3Agc3R5bGU9ImxpbmUtaGVpZ2h0OiAxLjE1
OyBtYXJnaW46IDBweDsgd2hpdGUtc3BhY2U6IHByZS13cmFwOyImZ3Q70JrQn9Cf
ICZsdDtzcGFuIHN0eWxlPSJiYWNrZ3JvdW5kLWNvbG9yOiByZ2IoMjUwLCAyMDQs
IDMwKTsiJmd0O3vQmtCf0J99Jmx0Oy9zcGFuJmd0OyZsdDsvcCZndDsKJmx0O3Ag
c3R5bGU9ImxpbmUtaGVpZ2h0OiAxLjE1OyBtYXJnaW46IDBweDsgd2hpdGUtc3Bh
Y2U6IHByZS13cmFwOyImZ3Q70JDQtNGA0LXRgSAmbHQ7c3BhbiBzdHlsZT0iYmFj
a2dyb3VuZC1jb2xvcjogcmdiKDI1MCwgMjA0LCAzMCk7IiZndDt70JDQtNGA0LXR
gX0mbHQ7L3NwYW4mZ3Q7Jmx0Oy9wJmd0OwombHQ7cCBzdHlsZT0ibGluZS1oZWln
aHQ6IDEuMTU7IG1hcmdpbjogMHB4OyB3aGl0ZS1zcGFjZTogcHJlLXdyYXA7IHRl
eHQtYWxpZ246IGNlbnRlcjsiJmd0OyZsdDtzcGFuIHN0eWxlPSJmb250LXdlaWdo
dDogYm9sZDsiJmd0OyZsdDticiZndDsmbHQ7L3NwYW4mZ3Q7Jmx0Oy9wJmd0Owom
bHQ7cCBzdHlsZT0ibGluZS1oZWlnaHQ6IDEuMTU7IG1hcmdpbjogMHB4OyB3aGl0
ZS1zcGFjZTogcHJlLXdyYXA7IHRleHQtYWxpZ246IGNlbnRlcjsiJmd0OyZsdDtz
cGFuIHN0eWxlPSJmb250LXdlaWdodDogYm9sZDsiJmd0OyZsdDticiZndDsmbHQ7
L3NwYW4mZ3Q7Jmx0Oy9wJmd0OwombHQ7cCBzdHlsZT0ibGluZS1oZWlnaHQ6IDEu
MTU7IG1hcmdpbjogMHB4OyB3aGl0ZS1zcGFjZTogcHJlLXdyYXA7IHRleHQtYWxp
Z246IGNlbnRlcjsiJmd0OyZsdDtiJmd0O9Cf0L7Rj9GB0L3QtdC90LjQtSZsdDsv
YiZndDsmbHQ7L3AmZ3Q7CiZsdDtwIHN0eWxlPSJsaW5lLWhlaWdodDogMS4xNTsg
bWFyZ2luOiAwcHg7IHdoaXRlLXNwYWNlOiBwcmUtd3JhcDsiJmd0OyZsdDticiZn
dDsmbHQ7L3AmZ3Q7CiZsdDtwIHN0eWxlPSJsaW5lLWhlaWdodDogMS4xNTsgbWFy
Z2luOiAwcHg7IHdoaXRlLXNwYWNlOiBwcmUtd3JhcDsiJmd0O8KgIMKgwqDQkiDQ
vtGC0LLQtdGCINC90LAgJmx0O3NwYW4gc3R5bGU9ImJhY2tncm91bmQtY29sb3I6
IHJnYigyNTAsIDIwNCwgMzApOyImZ3Q7e9Ci0YDQtdCx0L7QstCw0L3QuNC1fSZs
dDsvc3BhbiZndDsmbHQ7c3BhbiBzdHlsZT0iYmFja2dyb3VuZC1jb2xvcjogcmdi
KDI1NSwgMjU1LCAyNTUpOyImZ3Q7LCZsdDsvc3BhbiZndDsg0YHQvtC+0LHRidCw
0LXQvCDRgdC70LXQtNGD0Y7RidC10LUuJmx0Oy9wJmd0OwombHQ7cCBzdHlsZT0i
bGluZS1oZWlnaHQ6IDEuMTU7IG1hcmdpbjogMHB4OyB3aGl0ZS1zcGFjZTogcHJl
LXdyYXA7IiZndDvCoCDCoMKg0JIg0L7RgtGH0LXRgtC1wqAmbHQ7c3BhbiBzdHls
ZT0iYmFja2dyb3VuZC1jb2xvcjogcmdiKDI1MCwgMjA0LCAzMCk7IiZndDt70J7R
gtGH0LXRgn0mbHQ7L3NwYW4mZ3Q7Jmx0O3NwYW4gc3R5bGU9ImJhY2tncm91bmQt
Y29sb3I6IHJnYigyNTUsIDI1NSwgMjU1KTsiJmd0OyAmbHQ7L3NwYW4mZ3Q70LfQ
sMKgJmx0O3NwYW4gc3R5bGU9ImJhY2tncm91bmQtY29sb3I6IHJnYigyNTAsIDIw
NCwgMzApOyImZ3Q7e9Cf0LXRgNC40L7QtH0mbHQ7L3NwYW4mZ3Q7INC90LXRgiDQ
vtGI0LjQsdC+0Log0Lgg0L/RgNC+0YLQuNCy0L7RgNC10YfQuNC5INC80LXQttC0
0YMg0YHQstC10LTQtdC90LjRj9C80LguJmx0Oy9wJmd0OwombHQ7cCBzdHlsZT0i
bGluZS1oZWlnaHQ6IDEuMTU7IG1hcmdpbjogMHB4OyB3aGl0ZS1zcGFjZTogcHJl
LXdyYXA7IiZndDvCoCZsdDsvcCZndDsKJmx0O3Agc3R5bGU9ImxpbmUtaGVpZ2h0
OiAxLjE1OyBtYXJnaW46IDBweDsiJmd0OyZsdDtzcGFuIHN0eWxlPSJ3aGl0ZS1z
cGFjZTogcHJlLXdyYXA7IiZndDvCoCDCoMKgJmx0Oy9zcGFuJmd0OyZsdDtzcGFu
IHN0eWxlPSJ3aGl0ZS1zcGFjZTogcHJlLXdyYXA7IiZndDvQodGA0LXQtNC90Y/R
jyDRgdGD0LzQvNCwINCy0YvQv9C70LDRgiDRgdC+0YLRgNGD0LTQvdC40LrQsNC8
LCDQutC+0YLQvtGA0YvQtSDQv9C10YDQtdGH0LjRgdC70LXQvdGLINCyINGC0YDQ
tdCx0L7QstCw0L3QuNC4LCDQvdC40LbQtSDQnNCg0J7QoiwgJmx0Oy9zcGFuJmd0
OyZsdDtzcGFuIHN0eWxlPSJ3aGl0ZS1zcGFjZTogcHJlLXdyYXA7IiZndDvQsiDR
gdCy0Y/Qt9C4INGB0L4g0YHQu9C10LTRg9GO0YnQuNC80Lgg0L/RgNC40YfQuNC9
0LDQvNC4OiZsdDsvc3BhbiZndDsmbHQ7L3AmZ3Q7CiZsdDtwIHN0eWxlPSJsaW5l
LWhlaWdodDogMS4xNTsgbWFyZ2luOiAwcHg7IHdoaXRlLXNwYWNlOiBwcmUtd3Jh
cDsiJmd0OyZsdDtzcGFuIHN0eWxlPSJiYWNrZ3JvdW5kLWNvbG9yOiByZ2IoMjUw
LCAyMDQsIDMwKTsiJmd0O3vQlNC10YLQsNC70LjQt9Cw0YbQuNGP0J/RgNC40YfQ
uNC90J/QvtCh0L7RgtGA0YPQtNC90LjQutCw0Lx9Jmx0Oy9zcGFuJmd0OyZsdDsv
cCZndDsKJmx0O3Agc3R5bGU9ImxpbmUtaGVpZ2h0OiAxLjE1OyBtYXJnaW46IDBw
eDsgd2hpdGUtc3BhY2U6IHByZS13cmFwOyImZ3Q7Jmx0O2JyJmd0OyZsdDsvcCZn
dDsKJmx0O3Agc3R5bGU9ImxpbmUtaGVpZ2h0OiAxLjE1OyBtYXJnaW46IDBweDsi
Jmd0OyZsdDtzcGFuIHN0eWxlPSJ3aGl0ZS1zcGFjZTogcHJlLXdyYXA7IiZndDvC
oCDCoMKgJmx0Oy9zcGFuJmd0OyZsdDtzcGFuIHN0eWxlPSJ3aGl0ZS1zcGFjZTog
cHJlLXdyYXA7IiZndDvQodC+0YLRgNGD0LTQvdC40LrQsNC8INGD0YHRgtCw0L3Q
vtCy0LvQtdC9INC+0LrQu9Cw0LQg0LfQsCDQvNC10YHRj9GGINCy0YvRiNC1INCc
0KDQntCiLiDQldGB0LvQuCDQsdGLINGB0L7RgtGA0YPQtNC90LjQutC4INGC0YDR
g9C00LjQu9C40YHRjCDQvdCwINC/0L7Qu9C90YPRjiDRgdGC0LDQstC60YMg0Lgg
0L/QvtC70L3Ri9C5INC00LXQvdGMLCDRgtC+INGB0YDQtdC00L3Rj9GPINC30LDR
gNC/0LvQsNGC0LAg0LHRi9C70LAg0LHRiyAmbHQ7L3NwYW4mZ3Q7Jmx0O3NwYW4g
c3R5bGU9IndoaXRlLXNwYWNlOiBwcmUtd3JhcDsiJmd0O9Cy0YvRiNC1INCc0KDQ
ntCiJmx0Oy9zcGFuJmd0OyZsdDtzcGFuIHN0eWxlPSJ3aGl0ZS1zcGFjZTogcHJl
LXdyYXA7IiZndDsuJmx0Oy9zcGFuJmd0OyZsdDsvcCZndDsKJmx0O3Agc3R5bGU9
ImxpbmUtaGVpZ2h0OiAxLjE1OyBtYXJnaW46IDBweDsiJmd0OyZsdDtzcGFuIHN0
eWxlPSJ3aGl0ZS1zcGFjZTogcHJlLXdyYXA7IiZndDsmbHQ7YnImZ3Q7Jmx0Oy9z
cGFuJmd0OyZsdDsvcCZndDsKJmx0O3Agc3R5bGU9ImxpbmUtaGVpZ2h0OiAxLjE1
OyBtYXJnaW46IDBweDsgd2hpdGUtc3BhY2U6IHByZS13cmFwOyImZ3Q7wqAgwqDC
oNCY0YHQv9C+0LvQvdC40YLQtdC70Yw6ICZsdDtzcGFuIHN0eWxlPSJiYWNrZ3Jv
dW5kLWNvbG9yOiByZ2IoMjUwLCAyMDQsIDMwKTsiJmd0O3vQmNGB0L/QvtC70L3Q
uNGC0LXQu9GMfSZsdDsvc3BhbiZndDsmbHQ7L3AmZ3Q7CiZsdDtkaXYmZ3Q7Jmx0
O2JyJmd0OyZsdDsvZGl2Jmd0OwoKCiZsdDsvYm9keSZndDsmbHQ7L2h0bWwmZ3Q7
PC9WYWx1ZT4NCgk8L1Byb3BlcnR5Pg0KCTxQcm9wZXJ0eSBuYW1lPSLQktC70L7Q
ttC10L3QuNGPIj4NCgkJPFZhbHVlIHhzaTp0eXBlPSJTdHJ1Y3R1cmUiLz4NCgk8
L1Byb3BlcnR5Pg0KPC9TdHJ1Y3R1cmU+",Зарплата_НижеМРОТ,false,
